Wall time,Step,Value
1694419333.9108837,12000,8.450399398803711
