Wall time,Step,Value
1694420524.902972,399,123.9657211303711
1694421071.2909305,799,117.746337890625
1694421615.9952204,1199,115.10797882080078
1694422156.541996,1599,114.41093444824219
1694422699.862474,1999,112.72430419921875
1694423241.2823658,2399,111.79566192626953
1694423781.9179382,2799,110.85154724121094
1694424572.4236972,3399,109.70585632324219
1694425113.7767076,3799,101.642822265625
1694425654.2969055,4199,96.22162628173828
1694426195.8756218,4599,87.60955810546875
1694426735.1803246,4999,78.3695068359375
1694427275.7330883,5399,72.4894790649414
1694427817.1832352,5799,70.48007202148438
1694428608.1155086,6399,64.69180297851562
1694429148.5518317,6799,63.82870101928711
1694429688.8717458,7199,61.4271125793457
1694430227.6917062,7599,60.654544830322266
1694430768.877813,7999,58.34480667114258
1694431308.0478826,8399,58.191200256347656
1694431847.7343125,8799,56.14763259887695
1694432633.9220781,9399,53.47763442993164
1694433172.5253544,9799,52.635215759277344
1694433711.6452737,10199,53.5617561340332
1694434255.215015,10599,51.24003219604492
1694434795.7347815,10999,51.313926696777344
1694435336.8214092,11399,50.14051055908203
1694435877.6745007,11799,47.78437423706055
