Wall time,Step,Value
1694436832.313334,12000,47.815589904785156
