Wall time,Step,Value
1694420624.946333,399,122.13130950927734
1694421170.3252792,799,118.22419738769531
1694421713.0956225,1199,116.18412780761719
1694422253.6218188,1599,114.21533966064453
1694422797.2360525,1999,115.12740325927734
1694423338.2588928,2399,116.1571044921875
1694423879.2858477,2799,111.81527709960938
1694424669.2238204,3399,107.45037078857422
1694425210.8602939,3799,105.20674896240234
1694425752.1292336,4199,110.91241455078125
1694426292.943537,4599,123.11541748046875
1694426832.7468147,4999,71.94876098632812
1694427372.983369,5399,68.89099884033203
1694427915.0460734,5799,86.57264709472656
1694428705.3656108,6399,62.857059478759766
1694429245.5960734,6799,64.11211395263672
1694429785.2388513,7199,65.3367691040039
1694430325.2917602,7599,62.03845977783203
1694430865.6949291,7999,65.99752807617188
1694431405.1148207,8399,65.2681884765625
1694431944.0179517,8799,55.41310501098633
1694432730.705653,9399,54.15554428100586
1694433269.5256605,9799,58.37187576293945
1694433809.5788102,10199,49.33472442626953
1694434352.1819875,10599,57.377647399902344
1694434893.4185627,10999,49.12917709350586
1694435434.0548828,11399,59.66282272338867
1694435975.2914705,11799,42.755332946777344
