Wall time,Step,Value
1694389999.122459,399,90.64212036132812
1694390542.1426406,799,681.3014526367188
1694391079.9527962,1199,59.065250396728516
1694391618.1570702,1599,115.5105209350586
1694392159.6056213,1999,164.6637420654297
1694392698.85738,2399,63.60470962524414
1694393245.5126755,2799,2327.81640625
